{
    "black": {
        "3": [
            7.593648431920533,
            6.297648190662766,
            6.432094405455846,
            5.770084490843988,
            13.322569838624391,
            8.959199680604046
        ],
        "4": [
            19.035329790812757,
            17.160174382929146,
            20.3492895726892,
            13.100820433520305,
            20.3492895726892,
            20.3492895726892
        ],
        "1": [
            3.8582228214484786,
            3.7984132501139514,
            3.7984132501139514,
            3.17732288720955,
            5.042182576266345,
            3.7984132501139514
        ],
        "2": [
            5.728234460128139,
            5.76444365033824,
            5.770084490843988,
            4.589885364155206,
            6.297648190662766,
            5.770084490843988
        ]
    },
    "white": {
        "3": [
            15.08555697462761,
            14.836065173114665,
            15.34688310502586,
            14.035764107163837,
            17.33856023579717,
            15.34688310502586
        ],
        "4": [
            19.606599464798798,
            19.723625437366987,
            19.723625437366987,
            16.05816581600901,
            22.490696650130676,
            19.723625437366987
        ],
        "1": [
            12.703886573586324,
            12.389773394016702,
            12.389773394016702,
            11.362987671937619,
            14.035764107163837,
            12.942182977780718
        ],
        "2": [
            14.100003030560657,
            14.035764107163837,
            14.035764107163837,
            12.579811892262171,
            15.34688310502586,
            14.035764107163837
        ]
    },
    "asian": {
        "3": [
            0.1825398620850502,
            0.1811353534627036,
            0.18934021238015453,
            0.14410874545437724,
            0.1988107144284888,
            0.18934021238015453
        ],
        "4": [
            0.2663804168871359,
            0.2693812296918831,
            0.2693812296918831,
            0.18934021238015453,
            0.2770100027704492,
            0.2693812296918831
        ],
        "1": [
            0.10239143444151884,
            0.09867652134232191,
            0.09867652134232191,
            0.08920601929398761,
            0.1146585390847183,
            0.10514657631313093
        ],
        "2": [
            0.12074478908537295,
            0.1146585390847183,
            0.1146585390847183,
            0.10667189450017833,
            0.18364045400452106,
            0.1227673836956884
        ]
    },
    "hispanic": {
        "3": [
            0.49231672832821805,
            0.4921322385840299,
            0.5105604389983578,
            0.35362941934213443,
            0.5308543719590741,
            0.5105604389983578
        ],
        "4": [
            0.5517940395365966,
            0.5134736003427186,
            0.5667375368629473,
            0.5105604389983578,
            0.6179218907905346,
            0.5667375368629473
        ],
        "1": [
            0.217865058176814,
            0.19620959958019055,
            0.19620959958019055,
            0.17591566661947416,
            0.3429543741761318,
            0.21427119991522808
        ],
        "2": [
            0.35448612357599874,
            0.3429543741761318,
            0.3429543741761318,
            0.29177002024854437,
            0.45402546962779444,
            0.34960336489992777
        ]
    },
    "rep": {
        "3": [
            14.525223506012367,
            14.08082091590403,
            14.819521016663039,
            13.782536442203982,
            15.972617620328322,
            14.819521016663039
        ],
        "4": [
            17.43242612420361,
            17.21906675245841,
            17.21906675245841,
            14.893045776685321,
            20.653513989763624,
            17.21906675245841
        ],
        "1": [
            12.7339231824417,
            12.563861616063424,
            12.563861616063424,
            10.629535505592665,
            13.782536442203982,
            13.009002732683106
        ],
        "2": [
            13.693413014731181,
            13.739486267920215,
            13.782536442203982,
            12.563861616063424,
            14.819521016663039,
            13.782536442203982
        ]
    },
    "dem": {
        "3": [
            9.237839128133675,
            8.20437568760695,
            8.20437568760695,
            7.462107360036785,
            14.212729581641801,
            11.29716038581597
        ],
        "4": [
            19.22072092068738,
            17.239588878550673,
            20.496743462622728,
            13.608252672119688,
            20.496743462622728,
            20.496743462622728
        ],
        "1": [
            6.192461891337657,
            6.1944417441646955,
            6.1944417441646955,
            5.451633360644735,
            6.456831784915774,
            6.1944417441646955
        ],
        "2": [
            6.963992232452425,
            6.719453278216767,
            6.719453278216767,
            6.457063237465688,
            8.20437568760695,
            7.054770159902851
        ]
    }
}