{"black": {"5": [1.5748747412935427, 1.5572272496007904, 1.5572272496007904, 0.8043303735563815, 1.8828336373970154, 1.5572272496007904], "6": [1.9119585071622198, 1.8828336373970154, 1.8828336373970154, 1.5572272496007904, 2.179288398904605, 1.8828336373970154], "13": [5.110469284280155, 5.232463441401731, 5.232463441401731, 3.5213874753260432, 5.316348944518348, 5.232463441401731], "12": [3.5063531781083666, 3.5213874753260432, 3.5213874753260432, 3.157925012554029, 4.133033634520823, 3.5213874753260432], "8": [2.2907443765864537, 2.283041702689485, 2.283041702689485, 2.179288398904605, 2.407980199931254, 2.283041702689485], "1": [0.2535742838995944, 0.25219795088863145, 0.25219795088863145, 0.08473042781089289, 0.32630991692941813, 0.25219795088863145], "10": [2.980344355439196, 3.032999447833091, 3.059199872868147, 2.407980199931254, 3.157925012554029, 3.059199872868147], "11": [3.1540609053447417, 3.157925012554029, 3.157925012554029, 3.059199872868147, 3.5213874753260432, 3.157925012554029], "9": [2.4466571385600973, 2.407980199931254, 2.407980199931254, 2.283041702689485, 3.059199872868147, 2.407980199931254], "14": [5.346191133622357, 5.316348944518348, 5.316348944518348, 5.232463441401731, 7.24141502194028, 5.316348944518348], "4": [0.8858315736770712, 0.8043303735563815, 0.8043303735563815, 0.7277836449271912, 1.5572272496007904, 0.8043303735563815], "2": [0.349107917127165, 0.32630991692941813, 0.32630991692941813, 0.25219795088863145, 0.6449982682492439, 0.32630991692941813], "3": [0.6605674172828208, 0.6449982682492439, 0.6449982682492439, 0.32630991692941813, 0.8043303735563815, 0.6449982682492439], "7": [2.1547976324313414, 2.179288398904605, 2.179288398904605, 1.8828336373970154, 2.283041702689485, 2.179288398904605]}, "white": {"5": [2.8581247272315813, 2.720892025280009, 2.720892025280009, 2.58642829536236, 3.7982848166653085, 2.720892025280009], "6": [3.726304295938564, 3.7982848166653085, 3.7982848166653085, 2.720892025280009, 3.819559675599958, 3.7982848166653085], "13": [7.19111461224147, 7.225761498726733, 7.225761498726733, 6.839717130248108, 7.51531201844681, 7.225761498726733], "12": [6.704987611162346, 6.839717130248108, 6.839717130248108, 5.959215933334683, 7.133664707050641, 6.839717130248108], "8": [3.957758740340743, 3.9228991387182535, 3.9228991387182535, 3.819559675599958, 4.108282513986866, 3.9228991387182535], "1": [0.8234860941086781, 0.8085998297666418, 0.8085998297666418, 0.4219657383381338, 1.0240590754792611, 0.8085998297666418], "10": [5.010818200588364, 4.995029256293491, 4.995029256293491, 4.108282513986866, 5.959215933334683, 4.995029256293491], "11": [5.87907160157407, 5.959215933334683, 5.959215933334683, 4.995029256293491, 6.839717130248108, 5.959215933334683], "9": [4.265097411712871, 4.108282513986866, 4.108282513986866, 3.9228991387182535, 4.995029256293491, 4.198761016223003], "14": [9.56504021513921, 9.78991826888242, 9.78991826888242, 7.225761498726733, 10.743286461164656, 9.78991826888242], "4": [2.576655948423314, 2.58642829536236, 2.58642829536236, 1.9195413045230334, 2.720892025280009, 2.58642829536236], "2": [1.1426787968424095, 1.0240590754792611, 1.0240590754792611, 0.8085998297666418, 1.9195413045230334, 1.0240590754792611], "3": [1.9800678926305562, 1.9195413045230334, 1.9195413045230334, 1.0240590754792611, 2.58642829536236, 1.9195413045230334], "7": [3.836982614932951, 3.819559675599958, 3.819559675599958, 3.7982848166653085, 3.9228991387182535, 3.819559675599958]}, "asian": {"5": [0.09565333733011452, 0.0964145292974534, 0.0964145292974534, 0.0836268527000017, 0.09757328316388914, 0.0964145292974534], "6": [0.10251081305310021, 0.09757328316388914, 0.09757328316388914, 0.0964145292974534, 0.13992297804433868, 0.09757328316388914], "13": [0.44738297060141435, 0.4399884993678756, 0.4399884993678756, 0.43293251600261506, 0.6079215931955214, 0.4399884993678756], "12": [0.42359635264287443, 0.43293251600261506, 0.43293251600261506, 0.3393493465990419, 0.4399884993678756, 0.43293251600261506], "8": [0.16319716400509066, 0.16409472164507735, 0.16409472164507735, 0.13992297804433868, 0.23804115141923035, 0.16409472164507735], "1": [0.03247429023480527, 0.032400275521321124, 0.032400275521321124, 0.017626163724265276, 0.036859408703765854, 0.032400275521321124], "10": [0.2551234795364585, 0.2546913409048013, 0.2546913409048013, 0.23804115141923035, 0.33524887532763675, 0.2546913409048013], "11": [0.3372541930422555, 0.3393493465990419, 0.3393493465990419, 0.2546913409048013, 0.43293251600261506, 0.3393493465990419], "9": [0.22844837132488366, 0.23804115141923035, 0.23804115141923035, 0.16409472164507735, 0.2546913409048013, 0.23804115141923035], "14": [0.6152638170449037, 0.6079215931955214, 0.6079215931955214, 0.4760098807218085, 0.8269984960685308, 0.6079215931955214], "4": [0.0844972441142977, 0.0836268527000017, 0.0836268527000017, 0.07889527441205571, 0.0964145292974534, 0.0836268527000017], "2": [0.0400352050806391, 0.036859408703765854, 0.036859408703765854, 0.033728014326612085, 0.07889527441205571, 0.036859408703765854], "3": [0.07768823085770513, 0.07889527441205571, 0.07889527441205571, 0.038207839542386025, 0.0836268527000017, 0.07889527441205571], "7": [0.13958630210844578, 0.13992297804433868, 0.13992297804433868, 0.09757328316388914, 0.16409472164507735, 0.13992297804433868]}, "hispanic": {"5": [0.2745729283300043, 0.273819401381545, 0.2767145617115236, 0.2611093199090778, 0.29171628587520076, 0.2767145617115236], "6": [0.2898755663883715, 0.29171628587520076, 0.29171628587520076, 0.2767145617115236, 0.2962685332076269, 0.29171628587520076], "13": [0.5117515209592882, 0.5077721518821456, 0.5077721518821456, 0.4701195485674267, 0.6648488255563992, 0.5077721518821456], "12": [0.46983463892591515, 0.4701195485674267, 0.4701195485674267, 0.44096447360657004, 0.5077721518821456, 0.4701195485674267], "8": [0.3025621175702711, 0.3023209529564208, 0.3023209529564208, 0.2962685332076269, 0.30516955621140873, 0.30516955621140873], "1": [0.1340995142648636, 0.1315151151682364, 0.1315151151682364, 0.07426715629075575, 0.18833888736246826, 0.1315151151682364], "10": [0.358362374544633, 0.34792274574177784, 0.34792274574177784, 0.30516955621140873, 0.44096447360657004, 0.34792274574177784], "11": [0.43942422210111254, 0.44096447360657004, 0.44096447360657004, 0.34792274574177784, 0.4701195485674267, 0.44096447360657004], "9": [0.31535895349627596, 0.30516955621140873, 0.30516955621140873, 0.3023209529564208, 0.34792274574177784, 0.3232681880300243], "14": [0.7216092290882948, 0.7376158094307873, 0.7376158094307873, 0.5077721518821456, 0.9185538462058416, 0.7376158094307873], "4": [0.26130610631904694, 0.2611093199090778, 0.2611093199090778, 0.2560190797100922, 0.2767145617115236, 0.2611093199090778], "2": [0.18988019036808612, 0.18833888736246826, 0.18833888736246826, 0.1315151151682364, 0.2560190797100922, 0.18833888736246826], "3": [0.24789065377755315, 0.2560190797100922, 0.2560190797100922, 0.18833888736246826, 0.2611093199090778, 0.2560190797100922], "7": [0.29703900520704674, 0.2962685332076269, 0.2962685332076269, 0.29171628587520076, 0.3023209529564208, 0.2962685332076269]}, "rep": {"5": [2.16558251281284, 2.0631006114204387, 2.0631006114204387, 1.8800862519890427, 2.8268155786845552, 2.0631006114204387], "6": [2.832937327468503, 2.8268155786845552, 2.8268155786845552, 2.0631006114204387, 3.018330382299833, 2.8268155786845552], "13": [6.230059429724158, 6.323229695863485, 6.323229695863485, 5.3837369583413, 6.9069676326731795, 6.323229695863485], "12": [5.40977918822185, 5.3837369583413, 5.3837369583413, 5.341112428872482, 6.323229695863485, 5.3837369583413], "8": [3.422290213318341, 3.336862614475706, 3.336862614475706, 3.018330382299833, 4.153842955007169, 3.348731639957877], "1": [0.7307775786413395, 0.7382951737454099, 0.7382951737454099, 0.2590087381304649, 0.7866478202781867, 0.7382951737454099],